X_cal,Y_cal,Z_cal
0.6322211974603528,-2.3182961838875378,-1.3072798653286826
0.6387408934584918,-2.317489659472745,-1.3087784228084929
0.6288131077716094,-2.309062837523264,-1.3018152933100808
0.6414569500822175,-2.317345480467112,-1.3094938294051368
0.65178028545477,-2.31587661064316,-1.3117755377681135
0.6509737610399774,-2.3223490760261516,-1.31468059775503
0.6242029439824034,-2.3161976483154145,-1.3039372024138305
0.6487831704951492,-2.3100664906693273,-1.3080873268980306
0.6452605894566309,-2.3166831350579526,-1.3102769802883032
0.6509737610399774,-2.3223490760261516,-1.31468059775503
0.6409314840033198,-2.3297722448295697,-1.3153716936654924
0.6364358115638888,-2.3210570648688207,-1.3098393773603678
0.6387408934584918,-2.317489659472745,-1.3087784228084929
0.6288131077716094,-2.309062837523264,-1.3018152933100808
0.6322211974603528,-2.3182961838875378,-1.3072798653286826
0.6371278446289065,-2.330434590238728,-1.3145885427823256
0.6379343690436992,-2.3239621248557367,-1.3116834827954094
0.6429555075620279,-2.3202505404540283,-1.3113379348401781
0.65178028545477,-2.31587661064316,-1.3117755377681135
0.6338342462899381,-2.3053512531215548,-1.3014697453548498
0.6372423359786815,-2.314584599485829,-1.3069343173734513
0.6235109109173856,-2.3068201229455068,-1.299188036991873
0.6364358115638888,-2.3210570648688207,-1.3098393773603678
0.6487831704951492,-2.3100664906693273,-1.3080873268980306
0.6322211974603528,-2.3182961838875378,-1.3072798653286826
0.6387408934584918,-2.317489659472745,-1.3087784228084929
0.6372423359786815,-2.314584599485829,-1.3069343173734513
0.6584144728026841,-2.299220095475468,-1.3056198698390495
0.6494752035601671,-2.3194440160392356,-1.3128364923199884
0.629224082500732,-2.3124860639137053,-1.3035916544585997
0.6322211974603528,-2.3182961838875378,-1.3072798653286826
0.6421489831472352,-2.3267230058370196,-1.3142429948270944
0.6494752035601671,-2.3194440160392356,-1.3128364923199884
0.6284175580859394,-2.318958529296697,-1.3064967144455162
0.6597985389327193,-2.3179751462152836,-1.3151182006829654
0.6544963420784957,-2.3157324316375263,-1.3124909443647574
0.6479766460803567,-2.316538956052319,-1.3109923868849471
0.65178028545477,-2.31587661064316,-1.3117755377681135
0.6437620319768206,-2.3137780750710366,-1.3084328748532617
0.6118555850511429,-2.327188222514908,-1.3056892528761679
0.6300306069155247,-2.306013598530714,-1.3006865944716834
0.6372423359786815,-2.314584599485829,-1.3069343173734513
0.6364358115638888,-2.3210570648688207,-1.3098393773603678
0.6322211974603528,-2.3182961838875378,-1.3072798653286826
0.6437620319768206,-2.3137780750710366,-1.3084328748532617
0.6307226399805425,-2.3153911239006217,-1.305435759893641
0.6242029439824034,-2.3161976483154145,-1.3039372024138305
0.65178028545477,-2.31587661064316,-1.3117755377681135
0.6544963420784957,-2.3157324316375263,-1.3124909443647574
0.6444540650418382,-2.3231556004409444,-1.3131820402752197
0.6459526225216485,-2.326060660427861,-1.3150261457102612
0.6625145955564452,-2.31783096720965,-1.315833607279609
0.6589920145179268,-2.3244476115982753,-1.3180232606698818
0.6322211974603528,-2.3182961838875378,-1.3072798653286826
0.6372423359786815,-2.314584599485829,-1.3069343173734513
0.6494752035601671,-2.3194440160392356,-1.3128364923199884
0.6414569500822175,-2.317345480467112,-1.3094938294051368
0.6387408934584918,-2.317489659472745,-1.3087784228084929
0.6242029439824034,-2.3161976483154145,-1.3039372024138305
0.653804309013478,-2.306354906267618,-1.3077417789427994
0.6387408934584918,-2.317489659472745,-1.3087784228084929
0.6364358115638888,-2.3210570648688207,-1.3098393773603678
0.6574934570381165,-2.321542551611359,-1.3161791552348403
0.6475656713512339,-2.313115729661878,-1.3092160257364285
0.6437620319768206,-2.3137780750710366,-1.3084328748532617
0.6372423359786815,-2.314584599485829,-1.3069343173734513
0.6429555075620279,-2.3202505404540283,-1.3113379348401781
0.6322211974603528,-2.3182961838875378,-1.3072798653286826
0.6314146730455601,-2.3247686492705295,-1.310184925315599
0.6394329265235095,-2.326867184842653,-1.313527588230451
0.6352183124199734,-2.3241063038613707,-1.3109680761987657
0.6379343690436992,-2.3239621248557367,-1.3116834827954094
0.6533933342843553,-2.302931679877177,-1.3059654177942808
0.6459526225216485,-2.326060660427861,-1.3150261457102612
0.6387408934584918,-2.317489659472745,-1.3087784228084929
0.6322211974603528,-2.3182961838875378,-1.3072798653286826
0.6544963420784957,-2.3157324316375263,-1.3124909443647574
0.6487831704951492,-2.3100664906693273,-1.3080873268980306
0.6501672366251846,-2.328821541409143,-1.3175856577419462
0.6357437784988711,-2.3116795394989125,-1.30509021193841
0.6482577044162515,-2.3224932550317856,-1.3139651911583863
0.6299161155657498,-2.3218635892836135,-1.3083408198805575
0.6364358115638888,-2.3210570648688207,-1.3098393773603678
0.6283030667361643,-2.3348085200495965,-1.3141509398543902
0.6357437784988711,-2.3116795394989125,-1.30509021193841
0.629224082500732,-2.3124860639137053,-1.3035916544585997
0.6322211974603528,-2.3182961838875378,-1.3072798653286826
0.6314146730455601,-2.3247686492705295,-1.310184925315599
0.6284175580859394,-2.318958529296697,-1.3064967144455162
0.6591065058677018,-2.308597620845376,-1.3103690352610076
0.6284175580859394,-2.318958529296697,-1.3064967144455162
0.6379343690436992,-2.3239621248557367,-1.3116834827954094
0.6372423359786815,-2.314584599485829,-1.3069343173734513
0.6379343690436992,-2.3239621248557367,-1.3116834827954094
0.6349372540840784,-2.318152004881904,-1.3079952719253265
0.6300306069155247,-2.306013598530714,-1.3006865944716834
0.6379343690436992,-2.3239621248557367,-1.3116834827954094
0.6494752035601671,-2.3194440160392356,-1.3128364923199884
0.6437620319768206,-2.3137780750710366,-1.3084328748532617
0.624894977047421,-2.3255751736853223,-1.3086863678357885
0.6417380084181125,-2.323299779446578,-1.312466633678576
0.6494752035601671,-2.3194440160392356,-1.3128364923199884
0.6341307296692857,-2.3246244702648955,-1.3109003319122428
0.6509737610399774,-2.3223490760261516,-1.31468059775503
0.6414569500822175,-2.317345480467112,-1.3094938294051368
0.6300306069155247,-2.306013598530714,-1.3006865944716834
0.6401249595885271,-2.336244710212561,-1.3182767536524087
0.6444540650418382,-2.3231556004409444,-1.3131820402752197
0.6494752035601671,-2.3194440160392356,-1.3128364923199884
0.6502817279749596,-2.312971550656244,-1.309931432333072
0.6257015014622137,-2.3191027083023306,-1.305781307848872
0.6337197549401631,-2.3212012438744543,-1.309123970763724
0.6387408934584918,-2.317489659472745,-1.3087784228084929
0.6612970964125297,-2.3208802062022,-1.316962306118007
0.6322211974603528,-2.3182961838875378,-1.3072798653286826
0.6402394509383021,-2.3203947194596615,-1.3106225282435344
0.6356292871490962,-2.327529530251812,-1.312744437347284
0.6357437784988711,-2.3116795394989125,-1.30509021193841
0.653804309013478,-2.306354906267618,-1.3077417789427994
0.6341307296692857,-2.3246244702648955,-1.3109003319122428
0.6403539422880773,-2.304544728706762,-1.3029683028346601
0.6429555075620279,-2.3202505404540283,-1.3113379348401781
0.6589920145179268,-2.3244476115982753,-1.3180232606698818
0.6218978620878003,-2.3197650537114898,-1.3049981569657056
0.6379343690436992,-2.3239621248557367,-1.3116834827954094
0.658299981452909,-2.315070086228367,-1.3132740952479238
0.6394329265235095,-2.326867184842653,-1.313527588230451
0.6371278446289065,-2.330434590238728,-1.3145885427823256
0.6401249595885271,-2.336244710212561,-1.3182767536524087
0.6416235170683375,-2.3391497701994775,-1.32012085908745
0.6374089029648015,-2.336388889218195,-1.317561347055765
0.6519468524408899,-2.3376809003755263,-1.3224025674504272
0.6277776006572666,-2.3472352844120548,-1.3200288041147457
0.6518323610911149,-2.353530891128426,-1.3300567928593012
0.6568534996094435,-2.3498193067267166,-1.3297112449040702
0.6192338811004194,-2.3575635132023893,-1.3225640054602494
0.6104091032076774,-2.3619374430132565,-1.322126402532314
0.6234484952039555,-2.3603243941836713,-1.3251235174919347
0.6264456101635762,-2.3661345141575043,-1.3288117283620176
0.6187084150215219,-2.369990277564847,-1.328441869720605
0.615482317362351,-2.395880139096813,-1.3400621096682706
0.6373464872513713,-2.3898931604563605,-1.3434968275558266
0.6165699001130387,-2.3953619726932884,-1.3401298539547934
0.6083226639355392,-2.4249634186269637,-1.35209564185769
0.6189270576439866,-2.429448847782479,-1.357350154494106
0.6258165382072579,-2.49658626515381,-1.391926244145777
0.6245578488993521,-2.564156219542043,-1.4243561140075167
0.6441169368937694,-2.5617366462976645,-1.4288517864469479
0.6431959211292015,-2.5840591024335557,-1.4394110718427384
0.603848762440817,-2.620598230428111,-1.4457281777816249
0.5426374338634121,-2.6631243370631195,-1.448610565832955
0.538308328410101,-2.6762134468347365,-1.4537052792101444
0.49324799813837017,-2.707086633861093,-1.4556187676823038
0.4545928725150032,-2.7530032872255554,-1.466685039043148
0.41374715634680836,-2.7866373552331947,-1.471158039546993
0.40572890286885893,-2.784538819661071,-1.4678153766321411
0.3810341850063379,-2.8065199680600577,-1.4713194775568152
0.3560584088079219,-2.822546817479577,-1.4718507742080507
0.33926745307357525,-2.8624764922035872,-1.4863517634564511
0.33407974756912656,-2.84438378687293,-1.476070281729369
0.346593673486507,-2.8551975024058027,-1.4849452609493452
0.3408805019031606,-2.849531561437604,-1.4805416434826184
0.3393819444233503,-2.8466265014506877,-1.4786975380475769
0.3247295035974868,-2.861184481046256,-1.4815105430617888
0.3247295035974868,-2.861184481046256,-1.4815105430617888
0.286022302337775,-2.8694468539254534,-1.4742955593314455
0.26132758447525395,-2.89142800232444,-1.4777996602561196
0.23253274385897196,-2.8947982789892444,-1.4710900237402347
0.2214028840716268,-2.902739614196188,-1.471713375364174
0.18297674114780998,-2.9169562860548517,-1.4674711959072697
0.11725431508752149,-2.937448294565237,-1.458363485369522
0.044486726950196245,-2.971173591852873,-1.4536350816123191
0.012694771374293548,-2.9687337485438454,-1.4432372342263513
-0.0011511450367772812,-2.9768192627564223,-1.4431451792536467
-0.04096135409062941,-2.9722808838752703,-1.4294046689528273
-0.09040286545201631,-2.9785889001879777,-1.418131615710988
-0.1816786094259634,-2.9898802419950754,-1.3971518109936432
-0.19466592578589664,-3.0291475713099265,-1.41243595112521
-0.15023012789938586,-3.039870057562802,-1.4305123346062338
-0.1805235259954782,-3.0403352742406904,-1.4219585926553076
-0.16188545376562868,-3.0602381571322033,-1.437013550490529
-0.15225415145809393,-3.049391761938344,-1.434546093431548
-0.14071331694162612,-3.044873653121842,-1.4356991029561275
-0.15156211839307626,-3.058769287308252,-1.439295258853506
-0.1415198413564188,-3.0513461185048336,-1.438604162943044
-0.15536575776748962,-3.0594316327174105,-1.4385121079703393
-0.161078929350836,-3.053765691749212,-1.4341084905036128
-0.1415198413564188,-3.0513461185048336,-1.438604162943044
-0.13269506346367668,-3.0469721886939656,-1.439041765870979
-0.15958037187102567,-3.0566707517361285,-1.435952595938654
-0.16038689628581834,-3.0631432171191197,-1.4388576559255704
-0.158773847456233,-3.0501982863531367,-1.4330475359517376
-0.15755634831231763,-3.0471490473605867,-1.43191883711334
-0.15455923335269695,-3.052959167334419,-1.435607047983423
-0.1560577908325073,-3.0500541073475027,-1.4337629425483815
-0.16257748683064635,-3.0508606317622955,-1.4322643850685712
-0.1821365748250636,-3.0532802050066734,-1.4277687126291403
-0.17821844410087517,-3.036767868844615,-1.4208976381034326
-0.22413737442374368,-3.0364592407686977,-1.407434931471321
-0.3380213969880736,-3.0067057553610748,-1.3599899883532744
-0.3756410154970977,-3.0144499618367475,-1.3528427489094539
-0.44003145106369584,-3.0160427406016828,-1.3349521141244343
-0.4712979405607008,-3.0011761329301967,-1.3186764024781104
-0.5253026250413163,-2.947795770633016,-1.2771319955560057
-0.5862225552057408,-2.9051176245240593,-1.2387704522895258
-0.7005175524991935,-2.871940912725996,-1.1895491480229605
-0.7830726698530882,-2.8035497637516946,-1.1324444360511758
-0.8926430120075597,-2.747388250408581,-1.0734469972719867
-0.9516842600499564,-2.6844005543492346,-1.0257903560211594
-1.0977608728422263,-2.557625447518712,-0.9219544687773766
-1.1800870074965712,-2.4575343170386117,-0.8495413059878436
-1.2652436901244164,-2.3734373563170457,-0.7840669620105408
-1.3123177038777705,-2.3226736959955123,-0.7457974737167652
-1.3579452357876587,-2.2371608151756304,-0.691090835766843
-1.3654900988230552,-2.1849812347557833,-0.6635890535004484
-1.3937491332833543,-2.0847661953346988,-0.6067848171329581
-1.3902162121677506,-1.986990999222643,-0.5603784281514359
-1.4034742467864936,-1.929145477834597,-0.5284730284183142
-1.4092915696425299,-1.8481709758958667,-0.4875069007692122
-1.3870060849473016,-1.754448671922424,-0.44850124421403753
-1.3369142760801567,-1.6287053487709275,-0.40202547219539714
-1.3087490528154622,-1.5624532754980498,-0.3780504627892626
-1.3332772036918632,-1.6062387136294025,-0.3921815933962503
-1.3331627123420882,-1.5903887228765032,-0.3845273679873761
-1.326643016343949,-1.589582198461711,-0.3860259254671864
-1.3600480207494372,-1.6000872859186661,-0.3814381980550511
-1.367259749812594,-1.5915162849635502,-0.3751904751532828
-1.3599335293996622,-1.5842372951657662,-0.37378397264617685
-1.3440115137935384,-1.6042843570629133,-0.3881235238847547
-1.3527218003365056,-1.5928082961208816,-0.38003169554794514
-1.3346612698218987,-1.5874836628895868,-0.3826832625523346
-1.3535283247512981,-1.5992807615038733,-0.3829367555348614
-1.360740053814455,-1.590709760548758,-0.37668903263309333
-1.356244381375024,-1.5994249405095071,-0.3822213489382178
-1.360740053814455,-1.590709760548758,-0.37668903263309333
-1.3535283247512981,-1.5992807615038733,-0.3829367555348614
-1.3485071862329694,-1.595569177102164,-0.3825912075796302
-1.326643016343949,-1.589582198461711,-0.3860259254671864
-1.3419874902348303,-1.5947626526873713,-0.38408976505944054
-1.371588855265905,-1.6046053947351675,-0.3802851885304717
-1.3512232428566953,-1.5957133561077979,-0.3818758009829866
-1.3535283247512981,-1.5992807615038733,-0.3829367555348614
-1.3657611923327837,-1.5944213449504667,-0.3770345805883243
-1.3462021043383663,-1.5920017717060888,-0.38153025302775545
-1.3614320868794725,-1.58133223517885,-0.3719398672111354
-1.3411809658200378,-1.5882901873043795,-0.3811847050725243
-1.3477006618181768,-1.5890967117191723,-0.37968614759271396
-1.3312531801331553,-1.5967170092538612,-0.3881478345709362
-1.3550268822311087,-1.5963757015169568,-0.3810926500998199
-1.2983633017294796,-1.5074801344359336,-0.3543966906521776
-1.2365486663162943,-1.4123419103641761,-0.3261587401243837
-1.114214735390722,-1.2653000542875021,-0.29028923612330165
-1.0667194068311603,-1.228328389276045,-0.28611834997434665
-0.9884676298100387,-1.231969014462407,-0.31055882201602436
-0.8535001966509433,-1.1843683530530114,-0.32658458970124754
-0.6413994193083193,-1.1142886469057542,-0.3540675205737183
-0.454289843207564,-1.0469168720141429,-0.37562396581347046
-0.3469775922777181,-1.0398226013512923,-0.4032890963605189
-0.2493436343253845,-1.11039791528434,-0.46581494675056395
-0.13025648121315334,-1.171563024186494,-0.5299991538796466
0.01749559612213227,-1.2318889290128685,-0.6020894406495345
0.21279507765332434,-1.2928974493130516,-0.688290096361655
0.21793070752142807,-1.2733358741584433,-0.6802903229975498
0.22583446964960247,-1.2912844004834665,-0.6912872113212758
0.21781621617165306,-1.2891858649113428,-0.687944548406424
0.2055833485901676,-1.2843264483579362,-0.6820423734598869
0.22012129806625608,-1.2856184595152675,-0.6868835938545492
0.20408479111035727,-1.2814213883710197,-0.6801982680248454
0.20477682417537493,-1.290798913740928,-0.6849474334468032
0.2085804635497883,-1.290136568331769,-0.6857305843299698
0.21307613598921935,-1.2988517482925181,-0.6912629006350943
0.2962087950583566,-1.3924704133896268,-0.760771003437711
0.45005925358557336,-1.5397251191341979,-0.8768002221301403
0.5834920240672353,-1.6582175830208734,-0.9729575732788674
0.7003731615911858,-1.6937811884023284,-1.0240907272669966
0.7002483301643255,-1.800789730878659,-1.0759616882671204
0.7621934273660076,-1.8964539818222546,-1.1403264563201851
0.778911627309839,-2.0011871300598405,-1.1959776831630962
0.7384511207502288,-2.116084058017477,-1.2399859981227555
0.7440240358632622,-2.2154396232981326,-1.2898027943056523
0.6481277880230238,-2.3250243276208105,-1.3151616342833068
0.6569473108050482,-2.5162864194206787,-1.410490490677695
0.6285010292044586,-2.576584193714089,-1.4314926958103904
0.6372113157474257,-2.588060254656121,-1.4395845241471998
0.6241719237511476,-2.5896733034857067,-1.4365874091875792
0.6249784481659403,-2.583200838102715,-1.433682349200663
0.6552718462620327,-2.5827356214248267,-1.4422360911515892
0.6488666416136686,-2.56769215508672,-1.4330833082629049
0.6037021600692478,-2.523256781142545,-1.3984342865526893
0.44246886592165624,-2.4344828624275667,-1.3086549591067544
0.5681183362752563,-2.2167608437319224,-1.2395033334205514
0.37496317015853436,-2.128078154296942,-1.1405226017135688
0.176568768296288,-2.1769820266504167,-1.1067782948940954
0.04442805907921489,-2.190664652124692,-1.0751717425913407
0.0784479713324575,-2.122942499218275,-1.0522197240056652
0.16965041412062,-2.062980432768394,-1.0495525831085422
0.23040251636403583,-1.9973006854342656,-1.0352545446228065
0.2876790282389108,-1.8714143930867237,-0.9907528967433279
0.33206220509380746,-1.6511490512499551,-0.8967488634273852
0.2048834973178424,-1.5392146821328945,-0.805575047768983
-0.04661651434951109,-1.608179235789441,-0.7661279677442111
-0.2505061607122586,-1.8176556812860107,-0.8086549378673888
-0.32783637657354325,-1.9850261475681366,-0.8674543421356994
-0.3801438255664344,-2.069546575028704,-0.8933291869687595
-0.33816807554867245,-2.0574272289325757,-0.8996553117979975
-0.14787359195273686,-2.028686307904681,-0.9408926881134262
0.08805296312418529,-1.9966021899795934,-0.9937120585482008
0.3444538214541054,-1.9420785166805934,-1.0415599077872895
0.5053900868270802,-1.818245670647852,-1.0281094869700524
0.535021756549791,-1.6417072173234248,-0.9510304663611496
0.46099947328038887,-1.4608128436778411,-0.8418081269293315
0.20827107699676564,-1.43065164044599,-0.7539073196284277
-0.07142046845108929,-1.4503743533305924,-0.6823950406113068
-0.3081535479428041,-1.4889309366386712,-0.6324807301634485
-0.3858381233257683,-1.6016763792985473,-0.6646603845438521
-0.4505090718329922,-1.7906484066883948,-0.7375961071911724
-0.44568480499241947,-1.9318282438309506,-0.8075071266914994
-0.3027814986833557,-2.0153675487850435,-0.8894778993382585
0.23151132466416321,-2.0077989631882587,-1.0406879794326094
0.55667871468397,-1.8717702119506672,-1.0689384872955134
0.6491868374500158,-1.677415001710514,-1.0014482137526353
0.46706120387942773,-1.523406282274646,-0.8739235860446389
0.22410436637365233,-1.3887090595364793,-0.7381421429685839
-0.03544020928745755,-1.34008116357608,-0.6393121916304769
-0.2899894115507766,-1.3655813167735287,-0.5778956456444343
-0.5314729113020104,-1.5049623351862143,-0.5755164230164956
-0.8063922655456375,-1.6282106047281062,-0.5556339084085145
-0.8935878513803744,-1.7336499778225858,-0.5815347026783513
-0.6859301254455674,-1.8858429198042237,-0.7155657340426644
-0.4184297120199383,-1.9900736225749116,-0.843673828795685
-0.20184360231496856,-2.0198676481118345,-0.9209058115645299
0.1017303360746277,-1.986938726217594,-0.9929111414045664
0.2840677209711553,-1.8160413946686926,-0.9628378222351792
0.2531075095353139,-1.5359559048127371,-0.8179767998492198
0.06581539600971685,-1.3748709242037294,-0.6855363809374212
-0.19102854807111996,-1.3127799310738226,-0.5809640539120041
-0.530562781009797,-1.3804648831693749,-0.5153747115061755
-0.8209674110098875,-1.4092496836450048,-0.4451700535008392
-0.8762623504249337,-1.50358138330197,-0.4749065615084435
-0.9062329546258714,-1.638813731168021,-0.5318236145133932
-0.8326582966784843,-1.7919495161017722,-0.6274461199894587
-0.7098453449487224,-1.8926376326690582,-0.711891176217816
-0.4041220061782887,-1.9365120115273242,-0.8217909479381937
-0.11024687077602478,-1.863456286177803,-0.8715246974620696
-0.08621896625325272,-1.560924431244973,-0.7317133161023623
-0.1623431138382456,-1.4297371150492222,-0.6460024337119669
-0.38913806756599273,-1.3855619685833513,-0.558834517171271
-0.6356220256813848,-1.3463374679508842,-0.4683673713160646
-0.8418635744643626,-1.3260910167475277,-0.3987827874334769
-1.0515756286495135,-1.3501154904180626,-0.3496691120323495
-1.1551254303689367,-1.4210681310674365,-0.35408830339180963
-1.0706865459266466,-1.5736271999786522,-0.4525724352544501
-0.8914751015924293,-1.7861179162537015,-0.6076056717514586
-0.6265087527609532,-1.9256160059262635,-0.752083171874103
-0.35609995060494054,-1.9736671858641268,-0.8537747495987852
-0.11402348409501148,-1.8728326017381232,-0.8750151453415097
0.005932063750173365,-1.6806874264147411,-0.8165596502778344
-0.17830051910237285,-1.471908294541401,-0.6618719617360572
-0.3725387283986843,-1.2948876937928706,-0.519698841911976
-0.4788572077734471,-1.1349966853582347,-0.41132220987782553
-0.5519579298830123,-1.1251134031811383,-0.3853397467559961
-0.5932146207803298,-1.1553242447983358,-0.3880363861113224
-0.6509394735168393,-1.360231892327706,-0.4707048096709252
-0.6482852872112745,-1.606925532164616,-0.59115485847341
-0.6240891795165752,-1.9061986097772887,-0.7433679919133538
-0.4152917951947355,-2.0955276658406676,-0.8957480226553775
-0.09836655638606089,-2.093577830424056,-0.986638836296381
-0.09188514716662159,-1.4884353008747349,-0.6949164358516201
-0.3384005007641881,-1.2292394163101412,-0.4977345637227273
-0.500929680207847,-0.9903665420576255,-0.334762471625519
-0.62815466311417,-0.8384754184489426,-0.2242153091152556
-0.7225053628046205,-0.8841419933564987,-0.21902499174393592
-0.7237281170592538,-1.0828272539597847,-0.3150449440487864
-0.7158553751623351,-1.3742514354550994,-0.45869203914626094
-0.665997258710189,-1.6691776630245168,-0.6162151331176011
-0.441939041760338,-1.895814091942882,-0.7911011142441521
-0.16086977608370398,-1.703815356200074,-0.7794046541600832
-0.2795619249055343,-1.4394210079201086,-0.6167398641897865
-0.45073372006801227,-0.9399317798766603,-0.32484920978925386
-0.4682217938337439,-0.8660064593434577,-0.2839265157404931
-0.5202231349098219,-0.9854214961175959,-0.32678182117557325
-0.5943800442879003,-1.1960277642761514,-0.40744634004090763
-0.5559849215953392,-1.4552867475877793,-0.5443387262715604
-0.34940969344485245,-1.7124753258602474,-0.7289765312245539
-0.1391092120721043,-1.8158533641934682,-0.840076023571043
0.009911894648172267,-1.717450762908179,-0.8355197048879419
-0.020959590558431825,-1.4993549158588808,-0.7207634104004043
-0.22073406437488446,-1.2473141121510873,-0.5405969672006602
-0.35020171346238044,-1.045486122700315,-0.4051752787422099
-0.34847925824938736,-0.9122137312941275,-0.34103641548429947
-0.30377782707043416,-0.9155715983625955,-0.3556278209548088
-0.2949113136184324,-1.0400105007604241,-0.4185634145651813
-0.3051408377953803,-1.2079464832783375,-0.4970609519758293
-0.2504023846904875,-1.399517203154123,-0.6058525150023291
-0.05621625103052097,-1.5388835234173874,-0.7297443797352225
0.15246609654627435,-1.5507290226292874,-0.7959794741803413
0.3072319404764223,-1.3778502547462834,-0.7569757278959974
0.3823252906625211,-1.158240448615711,-0.6722097059188262
0.31108728023626186,-0.9213951507199711,-0.5366752008229166
0.07852707928882349,-0.8338997828006361,-0.4268224117243064
-0.1291821768870593,-0.8373861079381115,-0.36830928697458476
-0.3331502094019588,-0.8937143589045929,-0.33651479360809156
-0.2696390540406688,-1.043256868484245,-0.42746270447133905
-0.189810333387585,-1.2029507481876107,-0.5280687454377295
-0.13398938249837186,-1.2895258317725664,-0.5862535348755489
0.050841422223587444,-1.3412153763218524,-0.6649111430656592
0.23708205819612002,-1.333820338051398,-0.7153081287923896
0.47131772368657393,-1.3548665039665848,-0.7934153174171054
0.6919364554655072,-1.35229820258855,-0.8561220002513681
0.6774763467463014,-1.3108208383569278,-0.8318030816405977
0.5533468295663019,-1.2423508696989656,-0.7625987319434663
0.4042261111444336,-1.1765888322966491,-0.6874678966136162
0.15419834644108357,-1.1329645318952901,-0.5938247136254025
-0.10617851875535689,-1.168648734877439,-0.5356587755815072
-0.2656066021110558,-1.3110080330673275,-0.5585031758784132
-0.24475162882057125,-1.4586874153604867,-0.6361916129691177
-0.07399572320923288,-1.5501624556281484,-0.7300656170042724
0.19553905385218961,-1.5537129022998641,-0.8099232173407296
0.7479760489771852,-1.498331856391137,-0.9432150744626885
0.8250573175243688,-1.4381985311680099,-0.9363909825587483
0.7249722207011323,-1.4671827209498496,-0.921431357197422
0.4661871787848376,-1.478905549008498,-0.8520896086564139
0.1722124316809821,-1.3877966356704137,-0.7226687051195866
-0.05809476300819825,-1.2590795818697378,-0.5934737063779139
-0.2134695441357632,-1.1867594496978067,-0.513359335557739
-0.2292977485462824,-1.3331795004946219,-0.579799030092786
-0.09235273710318735,-1.5362138717161027,-0.7179834634424896
0.23331489927024845,-1.6589315372799884,-0.871914222058113
0.6323592311227769,-1.6930093141131324,-1.0041257301938016
0.8788072541848964,-1.6011185085305466,-1.0310027936058972
0.8459797914946509,-1.6368511121103089,-1.038818457024594
0.7376944491638923,-1.6286135584237846,-1.0034313567821485
0.23070244852394334,-1.5410507296517748,-0.8139621639380655
-0.04020605459042915,-1.4275866805168127,-0.6803894971664429
-0.19315617750724862,-1.4403266220832118,-0.6422344642607221
-0.14586352113143003,-1.5505488526223765,-0.709412237327999
0.15773727316924238,-1.8264473923773366,-0.9312569372722976
0.6742615098104038,-1.9323327348722608,-1.132370680750228
0.9398942967307101,-1.8589344919762476,-1.17379052826047
0.9110994561144281,-1.862304768641052,-1.1670808917445845
0.7143110416408912,-1.8140125805241833,-1.08658600464205
0.49340036605370863,-1.7084515870418036,-0.9713240914198185
0.188691308848178,-1.615388317137229,-0.8378451183714957
-0.08871057974852656,-1.6182247064618822,-0.7588141025185461
-0.21783492493104784,-1.6689602362504514,-0.7459955091751295
-0.19357186195182,-1.8258729649078846,-0.8291485182844351
0.04339583060108147,-2.053427417585691,-1.0082280574955274
0.39083437106320207,-2.1970245394195405,-1.1786134499308614
0.4805703673933484,-2.247348853021209,-1.2290503202365064
0.39075653030631935,-2.2372098924938313,-1.1980911481469694
0.2962071526079547,-2.147880737630556,-1.1273256844555264
0.25481419941615335,-1.989591578238756,-1.0385116969906678
0.286740610956382,-1.9006442712416844,-1.0045884574211397
0.36453896214950154,-1.8788287817225697,-1.0165211872677384
0.41317323355647606,-1.985773174686515,-1.0824659101323708
0.35220105761135606,-2.2055542395903336,-1.1713888831163592
0.40387489507683066,-2.3403416408431466,-1.2517531978976344
0.4398556996357316,-2.4233819986930136,-1.3024695106225836
0.38607474274394826,-2.533937676500769,-1.340507906349183
0.2841218492710384,-2.6854064121139474,-1.3844258050867337
0.2635169140851931,-2.817156983970547,-1.442360379043217
0.23956630492403463,-2.886169938224707,-1.4688949004810368
0.2619559408919526,-2.8677561952217956,-1.4664517541082374
0.27453228252276324,-2.8250656395165032,-1.4493912528281516
0.288263707584059,-2.8328301160568254,-1.4571375332097303
0.27718592343305876,-2.8784257317490343,-1.4760421399248573
0.2902253154293369,-2.8768126829194487,-1.4790392548844782
0.29172387290914725,-2.879717742906365,-1.4808833603195195
0.27718592343305876,-2.8784257317490343,-1.4760421399248573
0.29322243038895757,-2.882622802893281,-1.482727465754561
0.2948354792185429,-2.869677872127298,-1.4769173457807283
0.2691676699551094,-2.8763271961769106,-1.4726994770100055
0.3047632649054255,-2.87810469407678,-1.4838804752791401
0.2990500933220791,-2.8724387531085815,-1.4794768578124136
0.29172387290914725,-2.879717742906365,-1.4808833603195195
0.29253039732393993,-2.873245277523374,-1.4779783003326032
0.27799244784785143,-2.871953266366043,-1.473137079937941
0.27216478491473006,-2.8821373161507435,-1.4763876878800883
0.2764938903680411,-2.8690482063791265,-1.4712929745028995
0.2867027343908185,-2.883429327308074,-1.4812289082747505
0.27216478491473006,-2.8821373161507435,-1.4763876878800883
0.2852041769110082,-2.880524267321158,-1.479384802839709
0.2852041769110082,-2.880524267321158,-1.479384802839709
0.265645088916591,-2.8829438405655363,-1.474889130400278
0.2845121438459905,-2.87114674195125,-1.4746356374177514
0.2706662274349197,-2.879232256163827,-1.474543582445047
0.29253039732393993,-2.873245277523374,-1.4779783003326032
0.29253039732393993,-2.873245277523374,-1.4779783003326032
0.2982435689072864,-2.878911218491573,-1.4823819177993298
0.2845121438459905,-2.87114674195125,-1.4746356374177514
0.28070850447157714,-2.8718090873604085,-1.4738524865345846
0.27297130932952274,-2.8756648507677522,-1.473482627893172
0.2982435689072864,-2.878911218491573,-1.4823819177993298
0.2830135863661802,-2.8682416819643337,-1.4727915319827098
0.2902253154293369,-2.8768126829194487,-1.4790392548844782
0.29755153584226873,-2.869533693121665,-1.4776327523773722
0.2852041769110082,-2.880524267321158,-1.479384802839709
0.2706662274349197,-2.879232256163827,-1.474543582445047
0.2852041769110082,-2.880524267321158,-1.479384802839709
0.31059092783854686,-2.8679206442920795,-1.4806298673369929
0.2794910053276618,-2.8748583263529595,-1.4749811853729824
0.2982435689072864,-2.878911218491573,-1.4823819177993298
0.27787795649807645,-2.8878032571189425,-1.4807913053468151
0.29103183984412956,-2.8703402175364574,-1.476134194897562
0.305455297970443,-2.887482219446688,-1.4886296407010982
0.2786844809128691,-2.8813307917359507,-1.4778862453598987
0.2852041769110082,-2.880524267321158,-1.479384802839709
0.2909173484943546,-2.886190208289357,-1.483788420306436
0.292644888673715,-2.857395286770474,-1.470324074923729
0.28601070132580086,-2.8740518019381667,-1.4764797428527927
0.29172387290914725,-2.879717742906365,-1.4808833603195195
0.2802975297424545,-2.8683858609699677,-1.472076125386066
0.30556978932021817,-2.8716322286937888,-1.4809754152922239
0.29172387290914725,-2.879717742906365,-1.4808833603195195
0.28601070132580086,-2.8740518019381667,-1.4764797428527927
0.28601070132580086,-2.8740518019381667,-1.4764797428527927
0.2852041769110082,-2.880524267321158,-1.479384802839709
0.2982435689072864,-2.878911218491573,-1.4823819177993298
0.29103183984412956,-2.8703402175364574,-1.476134194897562
0.27568736595324844,-2.875520671762118,-1.4741980344898158
0.2968595027772511,-2.860156167751757,-1.4728835869554142
0.29172387290914725,-2.879717742906365,-1.4808833603195195
0.2902253154293369,-2.8768126829194487,-1.4790392548844782
0.2998566177368718,-2.86596628772559,-1.476571797825497
0.28601070132580086,-2.8740518019381667,-1.4764797428527927
0.2845121438459905,-2.87114674195125,-1.4746356374177514
0.2786844809128691,-2.8813307917359507,-1.4778862453598987
0.2875092588056112,-2.8769568619250827,-1.4783238482878343
0.27446986680933305,-2.8785699107546683,-1.4753267333282136
0.29172387290914725,-2.879717742906365,-1.4808833603195195
0.2960529783624584,-2.8666286331347486,-1.4757886469423307
0.2982435689072864,-2.878911218491573,-1.4823819177993298
0.31208948531835723,-2.870825704278996,-1.4824739727720342
0.30556978932021817,-2.8716322286937888,-1.4809754152922239
0.2902253154293369,-2.8768126829194487,-1.4790392548844782
0.29253039732393993,-2.873245277523374,-1.4779783003326032
0.2837056194311978,-2.8776192073342415,-1.4775406974046676
0.31128296090356455,-2.8772981696619873,-1.4853790327589504
0.26997419436990205,-2.8698547307939193,-1.4697944170230892
0.2852041769110082,-2.880524267321158,-1.479384802839709
0.29974212638709674,-2.881816278478489,-1.4842260232343714
0.28289909501640514,-2.884091672717233,-1.4804457573915841
0.3032647074256151,-2.8751996340898636,-1.4820363698440988
0.29253039732393993,-2.873245277523374,-1.4779783003326032
0.2902253154293369,-2.8768126829194487,-1.4790392548844782
0.2990500933220791,-2.8724387531085815,-1.4794768578124136
0.27799244784785143,-2.871953266366043,-1.473137079937941
0.2822070619513875,-2.874714147347325,-1.475696591969626
0.2924159059741649,-2.889095268276273,-1.4856325257414775
,,
,,
,,
,,
,,
,,
,,
,,
,,
,,
,,
,,
,,
,,
,,
,,
,,
,,
,,
,,
,,
,,
,,
,,
,,
,,
,,
,,
,,
,,
,,
,,
,,
,,
,,
,,
,,
,,
,,
,,
,,
,,
,,
,,
,,
,,
,,
,,
,,
,,
,,
,,
,,
,,
,,
,,
,,
,,
,,
,,
,,
,,
,,
,,
,,
,,
,,
,,
,,
,,
,,
,,
,,
,,
,,
,,
,,
,,
,,
,,
,,
,,
,,
,,
,,
,,
,,
,,
,,
,,
,,
,,
,,
,,
,,
,,
,,
,,
,,
,,
,,
,,
,,
,,
,,
,,
,,
,,
,,
,,
,,
,,
,,
,,
,,
,,
,,
,,
,,
,,
,,
,,
,,
,,
,,
,,
,,
,,
,,
,,
,,
,,
,,
,,
,,
,,
,,
,,
,,
,,
,,
,,
,,
,,
,,
,,
,,
,,
,,
,,
,,
,,
,,
,,
,,
,,
,,
,,
,,
,,
,,
,,
,,
,,
,,
,,
,,
,,
,,
,,
,,
,,
,,
,,
,,
,,
,,
,,
,,
,,
,,
,,
,,
,,
,,
,,
,,
,,
,,
,,
,,
,,
,,
,,
,,
,,
,,
,,
,,
,,
,,
,,
,,
,,
,,
,,
,,
,,
,,
,,
,,
,,
,,
,,
,,
,,
,,
,,
,,
,,
,,
,,
,,
,,
,,
,,
,,
,,
,,
,,
,,
,,
,,
,,
,,
,,
,,
,,
,,
,,
,,
,,
,,
,,
,,
,,
,,
,,
,,
,,
,,
,,
,,
,,
,,
,,
,,
,,
,,
,,
,,
,,
,,
,,
,,
,,
,,
,,
,,
,,
,,
,,
,,
,,
,,
,,
,,
,,
,,
,,
,,
,,
,,
,,
,,
,,
,,
,,
,,
,,
,,
,,
,,
,,
,,
,,
,,
,,
,,
,,
,,
,,
,,
,,
,,
,,
,,
,,
,,
,,
,,
,,
,,
,,
,,
,,
,,
,,
,,
,,
,,
,,
,,
,,
,,
,,
,,
,,
,,
,,
,,
,,
,,
,,
,,
,,
,,
,,
,,
,,
,,
,,
,,
,,
,,
,,
,,
,,
,,
,,
,,
,,
,,
,,
,,
,,
,,
,,
,,
,,
,,
,,
,,
,,
,,
,,
,,
,,
,,
,,
,,
,,
,,
,,
,,
,,
,,
,,
,,
,,
,,
,,
,,
,,
,,
,,
,,
,,
,,
,,
,,
,,
,,
,,
,,
,,
,,
,,
,,
,,
,,
,,
,,
,,
,,
,,
,,
,,
,,
,,
,,
,,
,,
,,
,,
,,
,,
,,
,,
,,
,,
,,
,,
,,
,,
,,
,,
,,
,,
,,
,,
,,
,,
,,
,,
,,
,,
,,
,,
,,
,,
,,
,,
,,
,,
,,
,,
,,
,,
,,
,,
,,
,,
,,
,,
,,
,,
,,
,,
,,
,,
,,
,,
,,
,,
,,
,,
,,
,,
,,
,,
,,
,,
,,
,,
,,
,,
,,
,,
,,
,,
,,
,,
,,
,,
,,
,,
,,
,,
,,
,,
,,
,,
,,
,,
,,
,,
,,
,,
,,
,,
,,
,,
,,
,,
,,
,,
,,
,,
,,
,,
,,
,,
,,
,,
,,
,,
,,
,,
,,
,,
,,
,,
,,
,,
,,
,,
,,
,,
,,
,,
,,
,,
,,
,,
,,
,,
,,
,,
,,
,,
,,
,,
,,
,,
,,
,,
,,
,,
,,
,,
,,
,,
,,
,,
,,
,,
,,
,,
,,
,,
,,
,,
,,
,,
,,
,,
,,
,,
,,
,,
,,
,,
,,
,,
,,
,,
,,
,,
,,
,,
,,
,,
,,
,,
,,
,,
,,
,,
,,
,,
,,
,,
,,
,,
,,
,,
,,
,,
,,
,,
,,
,,
,,
,,
,,
,,
,,
,,
,,
,,
,,
,,
,,
,,
,,
,,
,,
,,
,,
,,
,,
,,
,,
,,
,,
,,
,,
,,
,,
,,
,,
,,
,,
,,
,,
,,
,,
,,
,,
,,
,,
,,
,,
,,
,,
,,
,,
,,
,,
,,
,,
,,
,,
,,
,,
,,
,,
,,
,,
,,
,,
,,
,,
,,
,,
,,
,,
,,
,,
,,
,,
,,
,,
,,
,,
,,
,,
,,
,,
,,
,,
,,
,,
,,
,,
,,
,,
,,
,,
,,
,,
,,
,,
,,
,,
,,
,,
,,
,,
,,
,,
,,
,,
,,
,,
,,
,,
,,
,,
,,
,,
,,
,,
,,
,,
,,
,,
,,
,,
,,
,,
,,
,,
,,
,,
,,
,,
,,
,,
,,
,,
,,
,,
,,
,,
,,
,,
,,
,,
,,
,,
,,
,,
,,
,,
,,
,,
,,
,,
,,
,,
,,
,,
,,
,,
,,
,,
,,
,,
,,
,,
,,
,,
,,
,,
,,
,,
,,
,,
,,
,,
,,
,,
,,
,,
,,
,,
,,
,,
,,
,,
,,
,,
,,
,,
,,
,,
,,
,,
,,
,,
,,
,,
,,
,,
,,
,,
,,
,,
,,
,,
,,
,,
,,
,,
,,
,,
,,
,,
,,
,,
,,
,,
,,
,,
,,
,,
,,
,,
,,
,,
,,
,,
,,
,,
,,
,,
,,
,,
,,
,,
,,
,,
,,
,,
,,
,,
,,
,,
,,
,,
,,
,,
,,
,,
,,
,,
,,
,,
,,
,,
,,
,,
,,
,,
,,
,,
,,
,,
,,
,,
,,
,,
,,
,,
,,
,,
,,
,,
,,
,,
,,
,,
,,
,,
,,
,,
,,
,,
,,
,,
,,
,,
,,
,,
,,
,,
,,
,,
,,
,,
,,
,,
,,
,,
,,
,,
,,
,,
,,
,,
,,
,,
,,
,,
,,
,,
,,
,,
,,
,,
,,
,,
,,
,,
,,
,,
,,
,,
,,
,,
,,
,,
,,
,,
,,
,,
,,
,,
,,
,,
,,
,,
,,
,,
,,
,,
,,
,,
,,
,,
,,
,,
,,
,,
,,
,,
,,
,,
,,
,,
,,
,,
,,
,,
,,
,,
,,
,,
,,
,,
,,
,,
,,
,,
,,
,,
,,
,,
,,
,,
,,
,,
,,
,,
,,
,,
,,
,,
,,
,,
,,
,,
,,
,,
,,
,,
,,
,,
,,
,,
,,
,,
,,
,,
,,
,,
,,
,,
,,
,,
,,
,,
,,
,,
,,
,,
,,
,,
,,
,,
,,
,,
,,
,,
,,
,,
,,
,,
,,
,,
,,
,,
,,
,,
,,
,,
,,
,,
,,
,,
,,
,,
,,
,,
,,
,,
,,
,,
,,
,,
,,
,,
,,
,,
,,
,,
,,
,,
,,
,,
,,
,,
,,
,,
,,
,,
,,
,,
,,
,,
,,
,,
,,
,,
,,
,,
,,
,,
,,
,,
,,
,,
,,
,,
,,
,,
,,
,,
,,
,,
,,
,,
,,
,,
,,
,,
,,
,,
,,
,,
,,
,,
,,
,,
,,
,,
,,
,,
,,
,,
,,
,,
,,
,,
,,
,,
,,
,,
,,
,,
,,
,,
,,
,,
,,
,,
,,
,,
,,
,,
,,
,,
,,
,,
,,
,,
,,
,,
,,
,,
,,
,,
,,
,,
,,
,,
,,
,,
,,
,,
,,
,,
,,
,,
,,
,,
,,
,,
,,
,,
,,
,,
,,
,,
,,
,,
,,
,,
,,
,,
,,
,,
,,
,,
,,
,,
,,
,,
,,
,,
,,
,,
,,
,,
,,
,,
,,
,,
,,
,,
,,
,,
,,
,,
,,
,,
,,
,,
,,
,,
,,
,,
,,
,,
,,
,,
,,
,,
,,
,,
,,
,,
,,
,,
,,
,,
,,
,,
,,
,,
,,
,,
,,
,,
,,
,,
,,
,,
,,
,,
,,
,,
,,
,,
,,
,,
,,
,,
,,
,,
,,
,,
,,
,,
,,
,,
,,
,,
,,
,,
,,
,,
,,
,,
,,
,,
,,
,,
,,
,,
,,
,,
,,
,,
,,
,,
,,
,,
,,
,,
,,
,,
,,
,,
,,
,,
,,
,,
,,
,,
,,
,,
,,
,,
,,
,,
,,
,,
,,
,,
,,
,,
,,
,,
,,
,,
,,
,,
,,
,,
,,
,,
,,
,,
,,
,,
,,
,,
,,
,,
,,
,,
,,
,,
,,
,,
,,
,,
,,
,,
,,
,,
,,
,,
,,
,,
,,
,,
,,
,,
,,
,,
,,
,,
,,
,,
,,
,,
,,
,,
,,
,,
,,
,,
,,
,,
,,
,,
,,
,,
,,
,,
,,
,,
,,
,,
,,
,,
,,
,,
,,
,,
,,
,,
,,
,,
,,
,,
,,
,,
,,
,,
,,
,,
,,
,,
,,
,,
,,
,,
,,
,,
,,
,,
,,
,,
,,
,,
,,
,,
,,
,,
,,
,,
,,
,,
,,
,,
,,
,,
,,
,,
,,
,,
,,
,,
,,
,,
,,
,,
,,
,,
,,
,,
,,
,,
,,
,,
,,
,,
,,
,,
,,
,,
,,
,,
,,
,,
,,
,,
,,
,,
,,
,,
,,
,,
,,
,,
,,
,,
,,
,,
,,
,,
,,
,,
,,
,,
,,
,,
,,
,,
,,
,,
,,
,,
,,
,,
,,
,,
,,
,,
,,
,,
,,
,,
,,
,,
,,
,,
,,
,,
,,
,,
,,
,,
,,
,,
,,
,,
,,
,,
,,
,,
,,
,,
,,
,,
,,
,,
,,
,,
,,
,,
,,
,,
,,
,,
,,
,,
,,
,,
,,
,,
,,
,,
,,
,,
,,
,,
,,
,,
,,
,,
,,
,,
,,
,,
,,
,,
,,
,,
,,
,,
,,
,,
,,
,,
,,
,,
,,
,,
,,
,,
,,
,,
,,
,,
,,
,,
,,
,,
,,
,,
,,
,,
,,
,,
,,
,,
,,
,,
,,
,,
,,
,,
,,
,,
,,
,,
,,
,,
,,
,,
,,
,,
,,
,,
,,
,,
,,
,,
,,
,,
,,
,,
,,
,,
,,
,,
,,
,,
,,
,,
,,
,,
,,
,,
,,
,,
,,
,,
,,
,,
,,
,,
,,
,,
,,
,,
,,
,,
,,
,,
,,
,,
,,
,,
,,
,,
,,
,,
,,
,,
,,
,,
,,
,,
,,
,,
,,
,,
,,
,,
,,
,,
,,
,,
,,
,,
,,
,,
,,
,,
,,
,,
,,
,,
,,
,,
,,
,,
,,
,,
,,
,,
,,
,,
,,
,,
,,
,,
,,
,,
,,
,,
,,
,,
,,
,,
,,
,,
,,
,,
,,
,,
,,
,,
,,
,,
,,
,,
,,
,,
,,
,,
,,
,,
,,
,,
,,
,,
,,
,,
,,
,,
,,
,,
,,
,,
,,
,,
,,
,,
,,
,,
,,
,,
,,
,,
,,
,,
,,
,,
,,
,,
,,
,,
,,
,,
,,
,,
,,
,,
,,
,,
,,
,,
,,
,,
,,
,,
,,
,,
,,
,,
,,
,,
,,
,,
,,
,,
,,
,,
,,
,,
,,
,,
,,
,,
,,
,,
,,
,,
,,
,,
,,
,,
,,
,,
,,
,,
,,
,,
,,
,,
,,
,,
,,
,,
,,
,,
,,
,,
,,
,,
,,
,,
,,
,,
,,
,,
,,
,,
,,
,,
,,
,,
,,
,,
,,
,,
,,
,,
,,
,,
,,
,,
,,
,,
,,
,,
,,
,,
,,
,,
,,
,,
,,
,,
,,
,,
,,
,,
,,
,,
,,
,,
,,
,,
,,
,,
,,
,,
,,
,,
,,
,,
,,
,,
,,
,,
,,
,,
,,
,,
,,
,,
,,
,,
,,
,,
,,
,,
,,
,,
,,
,,
,,
,,
,,
,,
,,
,,
,,
,,
,,
,,
,,
,,
,,
,,
,,
,,
,,
,,
,,
,,
,,
,,
,,
,,
,,
,,
,,
,,
,,
,,
,,
,,
,,
,,
,,
,,
,,
,,
,,
,,
,,
,,
,,
,,
,,
,,
,,
,,
,,
,,
,,
,,
,,
,,
,,
,,
,,
,,
,,
,,
,,
,,
,,
,,
,,
,,
,,
,,
,,
,,
,,
,,
,,
,,
,,
,,
,,
,,
,,
,,
,,
,,
,,
,,
,,
,,
,,
,,
,,
,,
,,
,,
,,
,,
,,
,,
,,
,,
,,
,,
,,
,,
,,
,,
,,
,,
,,
,,
,,
,,
,,
,,
,,
,,
,,
,,
,,
,,
,,
,,
,,
,,
,,
,,
,,
,,
,,
,,
,,
,,
,,
,,
,,
,,
,,
,,
,,
,,
,,
,,
,,
,,
,,
,,
,,
,,
,,
,,
,,
,,
,,
,,
,,
,,
,,
,,
,,
,,
,,
,,
,,
,,
,,
,,
,,
,,
,,
,,
,,
,,
,,
,,
,,
,,
,,
,,
,,
,,
,,
,,
,,
,,
,,
,,
,,
,,
,,
,,
,,
,,
,,
,,
,,
,,
,,
,,
,,
,,
,,
,,
,,
,,
,,
,,
,,
,,
,,
,,
,,
,,
,,
,,
,,
,,
,,
,,
,,
,,
,,
,,
,,
,,
,,
,,
,,
,,
,,
,,
,,
,,
,,
,,
,,
,,
,,
,,
,,
,,
,,
,,
,,
,,
,,
,,
,,
,,
,,
,,
,,
,,
,,
,,
,,
,,
,,
,,
,,
,,
,,
,,
,,
,,
,,
,,
,,
,,
,,
,,
,,
,,
,,
,,
,,
,,
,,
,,
,,
,,
,,
,,
,,
,,
,,
,,
,,
,,
,,
,,
,,
,,
,,
,,
,,
,,
,,
,,
,,
,,
,,
,,
,,
,,
,,
,,
,,
,,
,,
,,
,,
,,
,,
,,
,,
,,
,,
,,
,,
,,
,,
,,
,,
,,
,,
,,
,,
,,
,,
,,
,,
,,
,,
,,
,,
,,
,,
,,
,,
,,
,,
,,
,,
,,
,,
,,
,,
,,
,,
,,
,,
,,
,,
,,
,,
,,
,,
,,
,,
,,
,,
,,
,,
,,
,,
,,
,,
,,
,,
,,
,,
,,
,,
,,
,,
,,
,,
,,
,,
,,
,,
,,
,,
,,
,,
,,
,,
,,
,,
,,
,,
,,
,,
,,
,,
,,
,,
,,
,,
,,
,,
,,
,,
,,
,,
,,
,,
,,
,,
,,
,,
,,
,,
,,
,,
,,
,,
,,
,,
,,
,,
,,
,,
,,
,,
,,
,,
,,
,,
,,
,,
,,
,,
,,
,,
,,
,,
,,
,,
,,
,,
,,
,,
,,
,,
,,
,,
,,
,,
,,
,,
,,
,,
,,
,,
,,
,,
,,
,,
,,
,,
,,
,,
,,
,,
,,
,,
,,
,,
,,
,,
,,
,,
,,
,,
,,
,,
,,
,,
,,
,,
,,
,,
,,
,,
,,
,,
,,
,,
,,
,,
,,
,,
,,
,,
,,
,,
,,
,,
,,
,,
,,
,,
,,
,,
,,
,,
,,
,,
,,
,,
,,
,,
,,
,,
,,
,,
,,
,,
,,
,,
,,
,,
,,
,,
,,
,,
,,
,,
,,
,,
,,
,,
,,
,,
,,
,,
,,
,,
,,
,,
,,
,,
,,
,,
,,
,,
,,
,,
,,
,,
,,
,,
,,
,,
,,
,,
,,
,,
,,
,,
,,
,,
,,
,,
,,
,,
,,
,,
,,
,,
,,
,,
,,
,,
,,
,,
,,
,,
,,
,,
,,
,,
,,
,,
,,
,,
,,
,,
,,
,,
,,
,,
,,
,,
,,
,,
,,
,,
,,
,,
,,
,,
,,
,,
,,
,,
,,
,,
,,
,,
,,
,,
,,
,,
,,
,,
,,
,,
,,
,,
,,
,,
,,
,,
,,
,,
,,
,,
,,
,,
,,
,,
,,
,,
,,
,,
,,
,,
,,
,,
,,
,,
,,
,,
,,
,,
,,
,,
,,
,,
,,
,,
,,
,,
,,
,,
,,
,,
,,
,,
,,
,,
,,
,,
,,
,,
,,
,,
,,
,,
,,
,,
,,
,,
,,
,,
,,
,,
,,
,,
,,
,,
,,
,,
,,
,,
,,
,,
,,
,,
,,
,,
,,
,,
,,
,,
,,
,,
,,
,,
,,
,,
,,
,,
,,
,,
,,
,,
,,
,,
,,
,,
,,
,,
,,
,,
,,
,,
,,
,,
,,
,,
,,
,,
,,
,,
,,
,,
,,
,,
,,
,,
,,
,,
,,
,,
,,
,,
,,
,,
,,
,,
,,
,,
,,
,,
,,
,,
,,
,,
,,
,,
,,
,,
,,
,,
,,
,,
,,
,,
,,
,,
,,
,,
,,
,,
,,
,,
,,
,,
,,
,,
,,
,,
,,
,,
,,
,,
,,
,,
,,
,,
,,
,,
,,
,,
,,
,,
,,
,,
,,
,,
,,
,,
,,
,,
,,
,,
,,
,,
,,
,,
,,
,,
,,
,,
,,
,,
,,
,,
,,
,,
,,
,,
,,
,,
,,
,,
,,
,,
,,
,,
,,
,,
,,
,,
,,
,,
,,
,,
,,
,,
,,
,,
,,
,,
,,
,,
,,
,,
,,
,,
,,
,,
,,
,,
,,
,,
,,
,,
,,
,,
,,
,,
,,
,,
,,
,,
,,
,,
,,
,,
,,
,,
,,
,,
,,
,,
,,
,,
,,
,,
,,
,,
,,
,,
,,
,,
,,
,,
,,
,,
,,
,,
,,
,,
,,
,,
,,
,,
,,
,,
,,
,,
,,
,,
,,
,,
,,
,,
,,
,,
,,
,,
,,
,,
,,
,,
,,
,,
,,
,,
,,
,,
,,
,,
,,
,,
,,
,,
,,
,,
,,
,,
,,
,,
,,
,,
,,
,,
,,
,,
,,
,,
,,
,,
,,
,,
,,
,,
,,
,,
,,
,,
,,
,,
,,
,,
,,
,,
,,
,,
,,
,,
,,
,,
,,
,,
,,
,,
,,
,,
,,
,,
,,
,,
,,
,,
,,
,,
,,
,,
,,
,,
,,
,,
,,
,,
,,
,,
,,
,,
,,
,,
,,
,,
,,
,,
,,
,,
,,
,,
,,
,,
,,
,,
,,
,,
,,
,,
,,
,,
,,
,,
,,
,,
,,
,,
,,
,,
,,
,,
,,
,,
,,
,,
,,
,,
,,
,,
,,
,,
,,
,,
,,
,,
,,
,,
,,
,,
,,
,,
,,
,,
,,
,,
,,
,,
,,
,,
,,
,,
,,
,,
,,
,,
,,
,,
,,
,,
,,
,,
,,
,,
,,
,,
,,
,,
,,
,,
,,
,,
,,
,,
,,
,,
,,
,,
,,
,,
,,
,,
,,
,,
,,
,,
,,
,,
,,
,,
,,
,,
,,
,,
,,
,,
,,
,,
,,
,,
,,
,,
,,
,,
,,
,,
,,
,,
,,
,,
,,
,,
,,
,,
,,
,,
,,
,,
,,
,,
,,
,,
,,
,,
,,
,,
,,
,,
,,
,,
,,
,,
,,
,,
,,
,,
,,
,,
,,
,,
,,
,,
,,
,,
,,
,,
,,
,,
,,
,,
,,
,,
,,
,,
,,
,,
,,
,,
,,
,,
,,
,,
,,
,,
,,
,,
,,
,,
,,
,,
,,
,,
,,
,,
,,
,,
,,
,,
,,
,,
,,
,,
,,
,,
,,
,,
,,
,,
,,
,,
,,
,,
,,
,,
,,
,,
,,
,,
,,
,,
,,
,,
,,
,,
,,
,,
,,
,,
,,
,,
,,
,,
,,
,,
,,
,,
,,
,,
,,
,,
,,
,,
,,
,,
,,
,,
,,
,,
,,
,,
,,
,,
,,
,,
,,
,,
,,
,,
,,
,,
,,
,,
,,
,,
,,
,,
,,
,,
,,
,,
,,
,,
,,
,,
,,
,,
,,
,,
,,
,,
,,
,,
,,
,,
,,
,,
,,
,,
,,
,,
,,
,,
,,
,,
,,
,,
,,
,,
,,
,,
,,
,,
,,
,,
,,
,,
,,
,,
,,
,,
,,
,,
,,
,,
,,
,,
,,
,,
,,
,,
,,
,,
,,
,,
,,
,,
,,
,,
,,
,,
,,
,,
,,
,,
,,
,,
,,
,,
,,
,,
,,
,,
,,
,,
,,
,,
,,
,,
,,
,,
,,
,,
,,
,,
,,
,,
,,
,,
,,
,,
,,
,,
,,
,,
,,
,,
,,
,,
,,
,,
,,
,,
,,
,,
,,
,,
,,
,,
,,
,,
,,
,,
,,
,,
,,
,,
,,
,,
,,
,,
,,
,,
,,
,,
,,
,,
,,
,,
,,
,,
,,
,,
,,
,,
,,
,,
,,
,,
,,
,,
,,
,,
,,
,,
,,
,,
,,
,,
,,
,,
,,
,,
,,
,,
,,
,,
,,
,,
,,
,,
,,
,,
,,
,,
,,
,,
,,
,,
,,
,,
,,
,,
,,
,,
,,
,,
,,
,,
,,
,,
,,
,,
,,
,,
,,
,,
,,
,,
,,
,,
,,
,,
,,
,,
,,
,,
,,
,,
,,
,,
,,
,,
,,
,,
,,
,,
,,
,,
,,
,,
,,
,,
,,
,,
,,
,,
,,
,,
,,
,,
,,
,,
,,
,,
,,
,,
,,
,,
,,
,,
,,
,,
,,
,,
,,
,,
,,
,,
,,
,,
,,
,,
,,
,,
,,
,,
,,
,,
,,
,,
,,
,,
,,
,,
,,
,,
,,
,,
,,
,,
,,
,,
,,
,,
,,
,,
,,
,,
,,
,,
,,
,,
,,
,,
,,
,,
,,
,,
,,
,,
,,
,,
,,
,,
,,
,,
,,
,,
,,
,,
,,
,,
,,
,,
,,
,,
,,
,,
,,
,,
,,
,,
,,
,,
,,
,,
,,
,,
,,
,,
,,
,,
,,
,,
,,
,,
,,
,,
,,
,,
,,
,,
,,
,,
,,
,,
,,
,,
,,
,,
,,
,,
,,
,,
,,
,,
,,
,,
,,
,,
,,
,,
,,
,,
,,
,,
,,
,,
,,
,,
,,
,,
,,
,,
,,
,,
,,
,,
,,
,,
,,
,,
,,
,,
,,
,,
,,
,,
,,
,,
,,
,,
,,
,,
,,
,,
,,
,,
,,
,,
,,
,,
,,
,,
,,
,,
,,
,,
,,
,,
,,
,,
,,
,,
,,
,,
,,
,,
,,
,,
,,
,,
,,
,,
,,
,,
,,
,,
,,
,,
,,
,,
,,
,,
,,
,,
,,
,,
,,
,,
,,
,,
,,
,,
,,
,,
,,
,,
,,
,,
,,
,,
,,
,,
,,
,,
,,
,,
,,
,,
,,
,,
,,
,,
,,
,,
,,
,,
,,
,,
,,
,,
,,
,,
,,
,,
,,
,,
,,
,,
,,
,,
,,
,,
,,
,,
,,
,,
,,
,,
,,
,,
,,
,,
,,
,,
,,
,,
,,
,,
,,
,,
,,
,,
,,
,,
,,
,,
,,
,,
,,
,,
,,
,,
,,
,,
,,
,,
,,
,,
,,
,,
,,
,,
,,
,,
,,
,,
,,
,,
,,
,,
,,
,,
,,
,,
,,
,,
,,
,,
,,
,,
,,
,,
,,
,,
,,
,,
,,
,,
,,
,,
,,
,,
,,
,,
,,
,,
,,
,,
,,
,,
,,
,,
,,
,,
,,
,,
,,
,,
,,
,,
,,
,,
,,
,,
,,
,,
,,
,,
,,
,,
,,
,,
,,
,,
,,
,,
,,
,,
,,
,,
,,
,,
,,
,,
,,
,,
,,
,,
,,
,,
,,
,,
,,
,,
,,
,,
,,
,,
,,
,,
,,
,,
,,
,,
,,
,,
,,
,,
,,
,,
,,
,,
,,
,,
,,
,,
,,
,,
,,
,,
,,
,,
,,
,,
,,
,,
,,
,,
,,
,,
,,
,,
,,
,,
,,
,,
,,
,,
,,
,,
,,
,,
,,
,,
,,
,,
,,
,,
,,
,,
,,
,,
,,
,,
,,
,,
,,
,,
,,
,,
,,
,,
,,
,,
,,
,,
,,
,,
,,
,,
,,
,,
,,
,,
,,
,,
,,
,,
,,
,,
,,
,,
,,
,,
,,
,,
,,
,,
,,
,,
,,
,,
,,
,,
,,
,,
,,
,,
,,
,,
,,
,,
,,
,,
,,
,,
,,
,,
,,
,,
,,
,,
,,
,,
,,
,,
,,
,,
,,
,,
,,
,,
,,
